{
    "frame_number": 1272786,
    "frame_rate": 300.0,
    "latency": 0.005777589986809492,
    "my_frame_number": 2491,
    "num_subjects": 10,
    "on_time": 8.3001163,
    "subjectNames": [
        "Marker Ballmaschine",
        "Marker_Arm",
        "rll_led_stick",
        "rll_muscle_base",
        "rll_muscle_racket",
        "rll_ping_base",
        "TT Platte_Eckteil 1",
        "TT Platte_Eckteil 2",
        "TT Platte_Eckteil 3",
        "TT Platte_Eckteil 4"
    ],
    "subject_0": {
        "global_rotation": {
            "eulerxyz": [
                [
                    -0.024116033309082834,
                    -0.021932924274074683,
                    -2.2934460010827005
                ],
                false
            ],
            "helical": [
                [
                    -0.022033280894343713,
                    0.06786031300794237,
                    3.9892458579781613
                ],
                false
            ],
            "matrix": [
                [
                    [
                        -0.6612153235096959,
                        0.7498755362866505,
                        -0.021931165832589028
                    ],
                    [
                        -0.7501876003043983,
                        -0.6607854218260255,
                        0.02410789604527497
                    ],
                    [
                        0.0035861268098695224,
                        0.03239299895054239,
                        0.9994687755570429
                    ]
                ],
                false
            ],
            "quaternion": [
                [
                    -0.005032960343753307,
                    0.015501017116853387,
                    0.9112449616997568,
                    -0.41154223058555023
                ],
                false
            ]
        },
        "global_translation": [
            [
                1390.371367542496,
                1845.1645127949819,
                496.48258671902136
            ],
            false
        ],
        "name": "Marker Ballmaschine",
        "quality": 0.48128880473007585
    },
    "subject_1": {
        "global_rotation": {
            "eulerxyz": [
                [
                    0.1157217503439271,
                    0.0036336023284632515,
                    0.9478962548207216
                ],
                false
            ],
            "helical": [
                [
                    0.10864259319028238,
                    -0.05149151118572729,
                    0.9470146467155353
                ],
                false
            ],
            "matrix": [
                [
                    [
                        0.5833891686749147,
                        -0.8121846310199531,
                        0.0036335943326867085
                    ],
                    [
                        0.8070025895602929,
                        0.579150363862157,
                        -0.11546287923532976
                    ],
                    [
                        0.09167277848834471,
                        0.07029211316580089,
                        0.9933051497454913
                    ]
                ],
                false
            ],
            "quaternion": [
                [
                    0.0522820597032727,
                    -0.02477925262064459,
                    0.45573172404618145,
                    0.8882348622806024
                ],
                false
            ]
        },
        "global_translation": [
            [
                -1178.2665180388792,
                -387.99798192343303,
                537.1714748030902
            ],
            false
        ],
        "name": "Marker_Arm",
        "quality": 0.9554713718851379
    },
    "subject_2": {
        "global_rotation": {
            "eulerxyz": [
                [
                    0.0,
                    0.0,
                    0.0
                ],
                true
            ],
            "helical": [
                [
                    0.0,
                    0.0,
                    0.0
                ],
                true
            ],
            "matrix": [
                [
                    [
                        0.0,
                        0.0,
                        0.0
                    ],
                    [
                        0.0,
                        0.0,
                        0.0
                    ],
                    [
                        0.0,
                        0.0,
                        0.0
                    ]
                ],
                true
            ],
            "quaternion": [
                [
                    0.0,
                    0.0,
                    0.0,
                    0.0
                ],
                true
            ]
        },
        "global_translation": [
            [
                0.0,
                0.0,
                0.0
            ],
            true
        ],
        "name": "rll_led_stick",
        "quality": "Not present"
    },
    "subject_3": {
        "global_rotation": {
            "eulerxyz": [
                [
                    3.1340446580091696,
                    0.008517054498724894,
                    2.7980278236054996
                ],
                false
            ],
            "helical": [
                [
                    -0.5358505139746341,
                    3.0883175714916837,
                    -0.013937127961913594
                ],
                false
            ],
            "matrix": [
                [
                    [
                        -0.9415257027262518,
                        -0.3368335087881166,
                        0.008516951527600975
                    ],
                    [
                        -0.3368966592231608,
                        0.941511377510397,
                        -0.007547650147429744
                    ],
                    [
                        -0.005476505282676969,
                        -0.009975639125405052,
                        -0.9999352451603696
                    ]
                ],
                false
            ],
            "quaternion": [
                [
                    -0.17095186817034258,
                    0.9852629503585602,
                    -0.004446348374933226,
                    0.0035506909107831056
                ],
                false
            ]
        },
        "global_translation": [
            [
                -1095.3254983186375,
                -249.14794183077,
                472.8745138532151
            ],
            false
        ],
        "name": "rll_muscle_base",
        "quality": 0.6280873874485235
    },
    "subject_4": {
        "global_rotation": {
            "eulerxyz": [
                [
                    1.1178174267624512,
                    -0.6545602701809894,
                    0.3842711787022921
                ],
                false
            ],
            "helical": [
                [
                    0.9384800997179662,
                    -0.7736791743073962,
                    -0.029848171512240083
                ],
                false
            ],