{
    "frame_number": 147932,
    "frame_rate": 300.0,
    "latency": 0.005116910016934425,
    "my_frame_number": 40114,
    "num_subjects": 10,
    "on_time": 133.7152501,
    "subjectNames": [
        "Marker Ballmaschine",
        "Marker_Arm",
        "rll_led_stick",
        "rll_muscle_base",
        "rll_muscle_racket",
        "rll_ping_base",
        "TT Platte_Eckteil 1",
        "TT Platte_Eckteil 2",
        "TT Platte_Eckteil 3",
        "TT Platte_Eckteil 4"
    ],
    "subject_0": {
        "global_rotation": {
            "eulerxyz": [
                [
                    -0.027090416717231586,
                    -0.00573477329615781,
                    -2.624231475010941
                ],
                false
            ],
            "helical": [
                [
                    0.002623291749633237,
                    0.05233607027574508,
                    3.65860553226066
                ],
                false
            ],
            "matrix": [
                [
                    [
                        -0.869113042904822,
                        0.49458025778279147,
                        -0.005734741862364127
                    ],
                    [
                        -0.4945419229800728,
                        -0.8687316037656778,
                        0.027086657857414317
                    ],
                    [
                        0.00841457473032049,
                        0.026377437900987052,
                        0.9996166393682571
                    ]
                ],
                false
            ],
            "quaternion": [
                [
                    0.0006930895683462925,
                    0.013827506742789401,
                    0.9666257401443897,
                    -0.25581829132108413
                ],
                false
            ]
        },
        "global_translation": [
            [
                2030.950497139995,
                1376.4197317785815,
                517.831819877793
            ],
            false
        ],
        "name": "Marker Ballmaschine",
        "quality": 0.2070451582283558
    },
    "subject_1": {
        "global_rotation": {
            "eulerxyz": [
                [
                    0.07952347465188811,
                    -0.10022139952452336,
                    0.004384341422021399
                ],
                false
            ],
            "helical": [
                [
                    0.07923705682105066,
                    -0.10034243611602951,
                    0.0003933909211773996
                ],
                false
            ],
            "matrix": [
                [
                    [
                        0.9949724748400259,
                        -0.004362326986785123,
                        -0.10005370764731505
                    ],
                    [
                        -0.003577687015582423,
                        0.9968649413323433,
                        -0.07904105830568292
                    ],
                    [
                        0.10008483634563509,
                        0.0790016382470908,
                        0.9918375707180805
                    ]
                ],
                false
            ],
            "quaternion": [
                [
                    0.03959154830769501,
                    -0.0501370516041702,
                    0.00019656151155106896,
                    0.9979572870231533
                ],
                false
            ]
        },
        "global_translation": [
            [
                -1250.9820921446048,
                20.764229271400367,
                532.5033698063459
            ],
            false
        ],
        "name": "Marker_Arm",
        "quality": 1.1363933729358293
    },
    "subject_2": {
        "global_rotation": {
            "eulerxyz": [
                [
                    0.0,
                    0.0,
                    0.0
                ],
                true
            ],
            "helical": [
                [
                    0.0,
                    0.0,
                    0.0
                ],
                true
            ],
            "matrix": [
                [
                    [
                        0.0,
                        0.0,
                        0.0
                    ],
                    [
                        0.0,
                        0.0,
                        0.0
                    ],
                    [
                        0.0,
                        0.0,
                        0.0
                    ]
                ],
                true
            ],
            "quaternion": [
                [
                    0.0,
                    0.0,
                    0.0,
                    0.0
                ],
                true
            ]
        },
        "global_translation": [
            [
                0.0,
                0.0,
                0.0
            ],
            true
        ],
        "name": "rll_led_stick",
        "quality": "Not present"
    },
    "subject_3": {
        "global_rotation": {
            "eulerxyz": [
                [
                    3.1392211675004527,
                    0.009466404437570484,
                    3.04519082172017
                ],
                false
            ],
            "helical": [
                [
                    -0.15093634552427224,
                    3.1286096264035104,
                    -0.0044240643164982305
                ],
                false
            ],
            "matrix": [
                [
                    [
                        -0.9953123428264596,
                        -0.0962482731331592,
                        0.009466263053015577
                    ],
                    [
                        -0.09627466003153373,
                        0.9953519811624654,
                        -0.0023713776096127765
                    ],
                    [
                        -0.009194022684152234,
                        -0.003271622661548045,
                        -0.9999523820822889
                    ]
                ],
                false
            ],
            "quaternion": [
                [
                    -0.04818728590967648,
                    0.9988263995899406,
                    -0.0014124076700109014,
                    0.004670552796969681
                ],
                false
            ]
        },
        "global_translation": [
            [
                -994.255322071932,
                188.90568825094942,
                470.2992144687656
            ],
            false
        ],
        "name": "rll_muscle_base",
        "quality": 0.7738520986607801
    },
    "subject_4": {
        "global_rotation": {
            "eulerxyz": [
                [
                    -1.1095002631011683,
                    -0.8344039617766936,
                    -2.0570704648728064
                ],
                false
            ],
            "helical": [
                [
                    0.10853836389575852,
                    -1.377415645102447,
                    -1.2963584765105003
                ],
                false
            ],
            "matrix": [
                [
                    [
                        -0.3138713744423239,
                        0.5937654290737902,
                        -0.7408963325206195
                    ],
                    [
                        -0.7035680592708915,
                        0.37853244505353983,
                        0.6014192996700224
                    ],
                    [
                        0.6375552888020599,
                        0.7100392969960231,
                        0.2989438917956266
                    ]
                ],
                false
            ],